Date,High,Low,Open,Close,Volume,Adj Close
2014-10-20,33.0,27.31999969482422,27.899999618530273,28.25,1333600,28.25
2014-10-21,29.489999771118164,28.299999237060547,28.489999771118164,28.309999465942383,697700,28.309999465942383
2014-10-22,28.90999984741211,28.0,28.469999313354492,28.75,768800,28.75
2014-10-23,29.889999389648438,28.600000381469727,28.75,29.25,1270700,29.25
2014-10-24,30.09000015258789,29.110000610351562,29.110000610351562,29.75,1540700,29.75
2014-10-27,30.290000915527344,29.3700008392334,29.850000381469727,30.100000381469727,766700,30.100000381469727
2014-10-28,31.290000915527344,29.940000534057617,30.299999237060547,30.649999618530273,536200,30.649999618530273
2014-10-29,31.0,29.940000534057617,30.649999618530273,30.0,596300,30.0
2014-10-30,30.690000534057617,29.75,30.149999618530273,30.25,415600,30.25
2014-10-31,31.979999542236328,30.25,30.25,31.5,29854300,31.5
2014-11-03,31.889999389648438,30.3799991607666,30.610000610351562,30.610000610351562,9243900,30.610000610351562
2014-11-04,30.799999237060547,30.079999923706055,30.75,30.15999984741211,6483800,30.15999984741211
2014-11-05,31.0,30.0,30.670000076293945,30.18000030517578,3958300,30.18000030517578
2014-11-06,30.459999084472656,29.889999389648438,30.200000762939453,30.049999237060547,2991600,30.049999237060547
2014-11-07,30.389999389648438,29.010000228881836,29.489999771118164,29.760000228881836,9563300,29.760000228881836
2014-11-10,30.229999542236328,28.559999465942383,29.030000686645508,29.780000686645508,5114200,29.780000686645508
2014-11-11,30.729999542236328,29.059999465942383,29.399999618530273,30.040000915527344,4349600,30.040000915527344
2014-11-12,31.229999542236328,30.0,30.399999618530273,30.829999923706055,4852100,30.829999923706055
2014-11-13,31.299999237060547,30.030000686645508,30.739999771118164,30.40999984741211,2432700,30.40999984741211
2014-11-14,30.90999984741211,30.219999313354492,30.290000915527344,30.700000762939453,1481300,30.700000762939453
2014-11-17,31.420000076293945,30.549999237060547,30.700000762939453,31.049999237060547,2389000,31.049999237060547
2014-11-18,31.135000228881836,30.209999084472656,30.59000015258789,31.0,3007700,31.0
2014-11-19,31.139999389648438,30.59000015258789,30.719999313354492,30.969999313354492,3013000,30.969999313354492
2014-11-20,31.5,30.649999618530273,30.770000457763672,31.40999984741211,2157600,31.40999984741211
2014-11-21,32.5,31.450000762939453,31.649999618530273,32.29999923706055,4703600,32.29999923706055
2014-11-24,33.040000915527344,32.34000015258789,32.880001068115234,33.0,2402600,33.0
2014-11-25,33.11000061035156,32.58000183105469,32.970001220703125,32.849998474121094,1798700,32.849998474121094
2014-11-26,34.97999954223633,33.0,33.0,34.20000076293945,1583400,34.20000076293945
2014-11-28,35.380001068115234,33.880001068115234,33.939998626708984,35.20000076293945,425300,35.20000076293945
2014-12-01,35.18000030517578,34.7599983215332,35.0099983215332,34.900001525878906,1484300,34.900001525878906
2014-12-02,34.935001373291016,34.29999923706055,34.72999954223633,34.779998779296875,1789000,34.779998779296875
2014-12-03,34.650001525878906,34.25,34.5099983215332,34.310001373291016,1150900,34.310001373291016
2014-12-04,34.29999923706055,33.709999084472656,33.88999938964844,34.13999938964844,1339000,34.13999938964844
2014-12-05,34.47999954223633,34.0,34.2400016784668,34.099998474121094,761900,34.099998474121094
2014-12-08,34.34000015258789,34.0,34.099998474121094,34.189998626708984,956900,34.189998626708984
2014-12-09,34.2400016784668,33.20000076293945,33.20000076293945,33.75,988200,33.75
2014-12-10,33.97999954223633,33.400001525878906,33.869998931884766,33.470001220703125,1442600,33.470001220703125
2014-12-11,33.88999938964844,33.45000076293945,33.5,33.4900016784668,599000,33.4900016784668
2014-12-12,33.599998474121094,32.58000183105469,33.47999954223633,32.86000061035156,1175400,32.86000061035156
2014-12-15,33.369998931884766,32.7400016784668,32.90999984741211,32.880001068115234,969200,32.880001068115234
2014-12-16,33.33000183105469,32.5,32.52000045776367,32.88999938964844,1880900,32.88999938964844
2014-12-17,34.209999084472656,32.38999938964844,32.81999969482422,33.83000183105469,1025700,33.83000183105469
2014-12-18,34.470001220703125,33.41999816894531,34.0,34.11000061035156,880600,34.11000061035156
2014-12-19,34.56999969482422,33.58000183105469,34.11000061035156,33.97999954223633,1860000,33.97999954223633
2014-12-22,34.189998626708984,33.82500076293945,33.900001525878906,33.939998626708984,735000,33.939998626708984
2014-12-23,34.20000076293945,33.540000915527344,33.93000030517578,33.630001068115234,734800,33.630001068115234
2014-12-24,34.380001068115234,33.5099983215332,33.650001525878906,33.79999923706055,1505700,33.79999923706055
2014-12-26,34.0,33.54999923706055,33.939998626708984,33.72999954223633,460300,33.72999954223633
2014-12-29,34.04999923706055,32.7400016784668,33.56999969482422,33.90999984741211,474300,33.90999984741211
2014-12-30,34.290000915527344,33.68199920654297,33.79999923706055,33.880001068115234,383900,33.880001068115234
2014-12-31,34.16999816894531,33.63999938964844,33.869998931884766,33.77000045776367,329800,33.77000045776367
2015-01-02,34.09000015258789,33.130001068115234,33.810001373291016,33.41999816894531,812700,33.41999816894531
2015-01-05,33.599998474121094,33.04999923706055,33.04999923706055,33.540000915527344,732200,33.540000915527344
2015-01-06,33.85499954223633,33.5,33.650001525878906,33.61000061035156,1495800,33.61000061035156
2015-01-07,34.43000030517578,33.66999816894531,33.66999816894531,33.880001068115234,2022100,33.880001068115234
2015-01-08,34.38999938964844,33.81999969482422,34.0,34.119998931884766,1429600,34.119998931884766
2015-01-09,34.2400016784668,33.77000045776367,34.040000915527344,33.959999084472656,712400,33.959999084472656
2015-01-12,34.58000183105469,33.900001525878906,33.900001525878906,34.459999084472656,901600,34.459999084472656
2015-01-13,34.900001525878906,34.11000061035156,34.439998626708984,34.689998626708984,816900,34.689998626708984
2015-01-14,34.939998626708984,34.16999816894531,34.290000915527344,34.93000030517578,500000,34.93000030517578
2015-01-15,34.9900016784668,34.20000076293945,34.91999816894531,34.470001220703125,954300,34.470001220703125
2015-01-16,35.0,34.21699905395508,34.2599983215332,34.959999084472656,1271100,34.959999084472656
2015-01-20,35.20000076293945,34.45000076293945,34.68000030517578,34.91999816894531,1031200,34.91999816894531
2015-01-21,35.900001525878906,34.52000045776367,34.65999984741211,35.7400016784668,1616000,35.7400016784668
2015-01-22,36.33000183105469,35.380001068115234,35.66999816894531,35.779998779296875,1527300,35.779998779296875
2015-01-23,35.779998779296875,34.58000183105469,35.72999954223633,34.869998931884766,1305300,34.869998931884766
2015-01-26,34.90999984741211,34.02000045776367,34.7599983215332,34.33000183105469,1290900,34.33000183105469
2015-01-27,34.22999954223633,33.650001525878906,34.08000183105469,33.72999954223633,781100,33.72999954223633
2015-01-28,34.0,33.25,33.7599983215332,33.34000015258789,969400,33.34000015258789
2015-01-29,33.72999954223633,33.25,33.47999954223633,33.68000030517578,800900,33.68000030517578
2015-01-30,33.5880012512207,33.119998931884766,33.400001525878906,33.38999938964844,765700,33.38999938964844
2015-02-02,34.380001068115234,33.369998931884766,33.439998626708984,34.33000183105469,619200,34.33000183105469
2015-02-03,34.7400016784668,33.95000076293945,34.31999969482422,34.04999923706055,694700,34.04999923706055
2015-02-04,34.290000915527344,33.720001220703125,34.04999923706055,34.209999084472656,712300,34.209999084472656
2015-02-05,34.779998779296875,33.952999114990234,34.189998626708984,34.61000061035156,286000,34.61000061035156
2015-02-06,35.08000183105469,34.36000061035156,34.56999969482422,35.08000183105469,768300,35.08000183105469
2015-02-09,35.5,34.810001373291016,35.0,34.970001220703125,1708800,34.970001220703125
2015-02-10,35.79999923706055,34.922000885009766,35.06999969482422,35.7599983215332,744900,35.7599983215332
2015-02-11,35.790000915527344,35.34000015258789,35.75,35.56999969482422,738700,35.56999969482422
2015-02-12,36.29999923706055,35.57400131225586,35.79999923706055,36.220001220703125,679600,36.220001220703125
2015-02-13,36.61000061035156,36.13999938964844,36.150001525878906,36.4900016784668,437100,36.4900016784668
2015-02-17,36.7599983215332,36.33000183105469,36.5,36.52000045776367,974600,36.52000045776367
2015-02-18,36.59000015258789,35.91999816894531,36.36000061035156,36.5,861900,36.5
2015-02-19,37.40999984741211,35.849998474121094,36.380001068115234,37.310001373291016,715400,37.310001373291016
2015-02-20,37.599998474121094,35.779998779296875,37.09000015258789,37.29999923706055,1032400,37.29999923706055
2015-02-23,37.15999984741211,36.400001525878906,37.15999984741211,36.689998626708984,1614200,36.689998626708984
2015-02-24,37.93000030517578,36.64400100708008,36.66999816894531,37.59000015258789,485700,37.59000015258789
2015-02-25,37.650001525878906,37.08000183105469,37.63999938964844,37.29999923706055,278600,37.29999923706055
2015-02-26,37.689998626708984,37.04999923706055,37.2599983215332,37.439998626708984,245500,37.439998626708984
2015-02-27,37.689998626708984,37.0629997253418,37.33000183105469,37.540000915527344,549200,37.540000915527344
2015-03-02,38.099998474121094,36.88999938964844,37.08000183105469,37.880001068115234,470000,37.880001068115234
2015-03-03,37.95899963378906,37.40999984741211,37.75,37.529998779296875,465300,37.529998779296875
2015-03-04,37.7599983215332,37.0,37.380001068115234,37.68000030517578,617600,37.68000030517578
2015-03-05,37.689998626708984,37.27000045776367,37.59000015258789,37.34000015258789,420100,37.34000015258789
2015-03-06,37.77000045776367,36.97999954223633,37.189998626708984,37.130001068115234,447500,37.130001068115234
2015-03-09,37.58000183105469,37.03499984741211,37.16999816894531,37.38999938964844,443800,37.38999938964844
2015-03-10,37.41600036621094,36.75,37.09000015258789,36.77000045776367,787200,36.77000045776367
2015-03-11,37.33000183105469,36.56999969482422,36.72999954223633,37.2400016784668,564000,37.2400016784668
2015-03-12,37.439998626708984,37.02000045776367,37.220001220703125,37.33000183105469,360600,37.33000183105469
2015-03-13,37.444000244140625,36.779998779296875,37.18000030517578,37.25,235400,37.25
2015-03-16,37.97999954223633,37.209999084472656,37.33000183105469,37.939998626708984,447000,37.939998626708984
2015-03-17,38.27000045776367,37.619998931884766,37.77000045776367,38.189998626708984,509000,38.189998626708984
2015-03-18,38.97999954223633,38.0,38.029998779296875,38.720001220703125,493100,38.720001220703125
2015-03-19,38.79999923706055,38.2599983215332,38.43000030517578,38.720001220703125,281800,38.720001220703125
2015-03-20,38.9900016784668,38.369998931884766,38.75,38.7400016784668,1337700,38.7400016784668
2015-03-23,38.9900016784668,38.5,38.66999816894531,38.88999938964844,470800,38.88999938964844
2015-03-24,38.9900016784668,38.29999923706055,38.939998626708984,38.68000030517578,569400,38.68000030517578
2015-03-25,38.779998779296875,37.209999084472656,38.630001068115234,37.2599983215332,440800,37.2599983215332
2015-03-26,37.25,36.599998474121094,37.09000015258789,36.720001220703125,479400,36.720001220703125
2015-03-27,36.72999954223633,36.220001220703125,36.72999954223633,36.27000045776367,413500,36.27000045776367
2015-03-30,36.70000076293945,36.04999923706055,36.36000061035156,36.119998931884766,630700,36.119998931884766
2015-03-31,37.31999969482422,35.939998626708984,36.09000015258789,37.150001525878906,809100,37.150001525878906
2015-04-01,37.47999954223633,36.43000030517578,37.18000030517578,36.61000061035156,593400,36.61000061035156
2015-04-02,37.470001220703125,36.619998931884766,36.72999954223633,36.790000915527344,395300,36.790000915527344
2015-04-06,36.88999938964844,36.45000076293945,36.70000076293945,36.72999954223633,933500,36.72999954223633
2015-04-07,36.880001068115234,36.290000915527344,36.68000030517578,36.380001068115234,556500,36.380001068115234
2015-04-08,36.720001220703125,36.34000015258789,36.52000045776367,36.4900016784668,497800,36.4900016784668
2015-04-09,37.2400016784668,36.400001525878906,36.400001525878906,37.18000030517578,336800,37.18000030517578
2015-04-10,37.38999938964844,36.75,37.16999816894531,37.04999923706055,505000,37.04999923706055
2015-04-13,37.45000076293945,36.58000183105469,36.97999954223633,36.59000015258789,228300,36.59000015258789
2015-04-14,36.7599983215332,36.04999923706055,36.459999084472656,36.150001525878906,351200,36.150001525878906
2015-04-15,36.540000915527344,36.11000061035156,36.25,36.189998626708984,370600,36.189998626708984
2015-04-16,36.310001373291016,36.0,36.310001373291016,36.06999969482422,389200,36.06999969482422
2015-04-17,36.119998931884766,35.279998779296875,35.93000030517578,35.36000061035156,616400,35.36000061035156
2015-04-20,36.310001373291016,35.470001220703125,35.470001220703125,36.130001068115234,594500,36.130001068115234
2015-04-21,36.36000061035156,35.790000915527344,36.18000030517578,36.209999084472656,494400,36.209999084472656
2015-04-22,36.22999954223633,35.88999938964844,36.20000076293945,36.0099983215332,486600,36.0099983215332
2015-04-23,35.75,35.35499954223633,35.75,35.439998626708984,512400,35.439998626708984
2015-04-24,35.45000076293945,34.970001220703125,35.45000076293945,34.9900016784668,444100,34.9900016784668
2015-04-27,35.22999954223633,34.150001525878906,35.02000045776367,34.34000015258789,1144700,34.34000015258789
2015-04-28,34.41999816894531,33.90999984741211,34.220001220703125,33.939998626708984,1625500,33.939998626708984
2015-04-29,33.95000076293945,33.58000183105469,33.900001525878906,33.779998779296875,1244700,33.779998779296875
2015-04-30,33.97999954223633,33.369998931884766,33.61000061035156,33.459999084472656,790100,33.459999084472656
2015-05-01,33.869998931884766,33.43000030517578,33.59000015258789,33.61000061035156,882300,33.61000061035156
2015-05-04,35.358001708984375,34.439998626708984,34.439998626708984,34.47999954223633,1342100,34.47999954223633
2015-05-05,34.810001373291016,33.97999954223633,34.47999954223633,34.0,880100,34.0
2015-05-06,34.11000061035156,33.595001220703125,34.11000061035156,33.650001525878906,587200,33.650001525878906
2015-05-07,34.09000015258789,33.70000076293945,33.709999084472656,33.90999984741211,726300,33.90999984741211
2015-05-08,34.70000076293945,34.11000061035156,34.2400016784668,34.58000183105469,597900,34.58000183105469
2015-05-11,35.11000061035156,34.52000045776367,34.59000015258789,35.02000045776367,586600,35.02000045776367
2015-05-12,34.91999816894531,34.2599983215332,34.849998474121094,34.7599983215332,670100,34.7599983215332
2015-05-13,35.630001068115234,34.79999923706055,34.900001525878906,35.25,697800,35.25
2015-05-14,35.4900016784668,35.099998474121094,35.40999984741211,35.189998626708984,584700,35.189998626708984
2015-05-15,35.45000076293945,35.150001525878906,35.310001373291016,35.33000183105469,418200,35.33000183105469
2015-05-18,36.310001373291016,35.349998474121094,35.36000061035156,36.220001220703125,905200,36.220001220703125
2015-05-19,36.275001525878906,34.61000061035156,36.20000076293945,34.9900016784668,1747400,34.9900016784668
2015-05-20,33.06999969482422,32.25,33.040000915527344,32.380001068115234,5979400,32.380001068115234
2015-05-21,33.11000061035156,32.16999816894531,32.34000015258789,33.029998779296875,2218300,33.029998779296875
2015-05-22,33.119998931884766,32.7400016784668,33.0,33.08000183105469,2249500,33.08000183105469
2015-05-26,33.150001525878906,32.34000015258789,33.0099983215332,32.61000061035156,1020700,32.61000061035156
2015-05-27,33.0,32.54999923706055,32.599998474121094,32.970001220703125,619000,32.970001220703125
2015-05-28,32.987998962402344,32.70000076293945,32.97999954223633,32.900001525878906,696000,32.900001525878906
2015-05-29,33.130001068115234,32.779998779296875,32.84000015258789,32.86000061035156,691600,32.86000061035156
2015-06-01,32.97999954223633,32.689998626708984,32.869998931884766,32.84000015258789,1046700,32.84000015258789
2015-06-02,33.10499954223633,32.630001068115234,32.689998626708984,32.970001220703125,535200,32.970001220703125
2015-06-03,33.40999984741211,32.939998626708984,33.150001525878906,33.220001220703125,837700,33.220001220703125
2015-06-04,33.29999923706055,32.77000045776367,33.060001373291016,32.880001068115234,498200,32.880001068115234
2015-06-05,33.06800079345703,32.5,32.93000030517578,32.88999938964844,514700,32.88999938964844
2015-06-08,32.97999954223633,32.650001525878906,32.91999816894531,32.77000045776367,379600,32.77000045776367
2015-06-09,33.005001068115234,32.65999984741211,32.81999969482422,32.86000061035156,721100,32.86000061035156
2015-06-10,33.19499969482422,32.790000915527344,32.88999938964844,33.11000061035156,1087200,33.11000061035156
2015-06-11,33.220001220703125,32.939998626708984,33.119998931884766,33.150001525878906,1596100,33.150001525878906
2015-06-12,33.15999984741211,32.91999816894531,33.11000061035156,33.029998779296875,454200,33.029998779296875
2015-06-15,32.922000885009766,32.349998474121094,32.790000915527344,32.619998931884766,634800,32.619998931884766
2015-06-16,32.7400016784668,32.279998779296875,32.529998779296875,32.619998931884766,472500,32.619998931884766
2015-06-17,33.11000061035156,32.654998779296875,32.68000030517578,33.0099983215332,767000,33.0099983215332
2015-06-18,33.400001525878906,32.95000076293945,32.9900016784668,33.400001525878906,701000,33.400001525878906
2015-06-19,33.4900016784668,33.15999984741211,33.4900016784668,33.290000915527344,844800,33.290000915527344
2015-06-22,33.709999084472656,33.189998626708984,33.400001525878906,33.5,898600,33.5
2015-06-23,33.54999923706055,32.7599983215332,33.54999923706055,32.88999938964844,903100,32.88999938964844
2015-06-24,33.0,32.441001892089844,32.939998626708984,32.459999084472656,621900,32.459999084472656
2015-06-25,32.72999954223633,31.954999923706055,32.529998779296875,32.15999984741211,693800,32.15999984741211
2015-06-26,32.380001068115234,31.729999542236328,32.25,32.25,3082900,32.25
2015-06-29,32.06999969482422,31.3799991607666,31.850000381469727,31.399999618530273,988200,31.399999618530273
2015-06-30,31.799999237060547,31.020000457763672,31.649999618530273,31.190000534057617,1050600,31.190000534057617
2015-07-01,31.393999099731445,30.84000015258789,31.350000381469727,31.25,1025000,31.25
2015-07-02,31.59000015258789,31.329999923706055,31.3700008392334,31.469999313354492,449700,31.469999313354492
2015-07-06,31.450000762939453,31.010000228881836,31.09000015258789,31.25,1126700,31.25
2015-07-07,31.479999542236328,30.81999969482422,31.219999313354492,31.229999542236328,1156800,31.229999542236328
2015-07-08,31.219999313354492,30.25,30.93000030517578,30.3799991607666,936200,30.3799991607666
2015-07-09,30.6200008392334,30.25,30.6200008392334,30.31999969482422,1021800,30.31999969482422
2015-07-10,30.652999877929688,30.290000915527344,30.59000015258789,30.350000381469727,707500,30.350000381469727
2015-07-13,30.84000015258789,30.420000076293945,30.530000686645508,30.739999771118164,574200,30.739999771118164
2015-07-14,30.940000534057617,30.68000030517578,30.75,30.93000030517578,463900,30.93000030517578
2015-07-15,31.15999984741211,30.5,30.899999618530273,30.510000228881836,733500,30.510000228881836
2015-07-16,31.010000228881836,30.690000534057617,30.729999542236328,30.790000915527344,2007300,30.790000915527344
2015-07-17,30.97100067138672,30.5,30.8700008392334,30.559999465942383,988500,30.559999465942383
2015-07-20,30.889999389648438,30.549999237060547,30.639999389648438,30.760000228881836,499100,30.760000228881836
2015-07-21,30.860000610351562,30.389999389648438,30.700000762939453,30.420000076293945,709500,30.420000076293945
2015-07-22,30.780000686645508,30.1299991607666,30.18000030517578,30.739999771118164,582300,30.739999771118164
2015-07-23,30.860000610351562,30.200000762939453,30.729999542236328,30.299999237060547,599100,30.299999237060547
2015-07-24,30.440000534057617,30.049999237060547,30.25,30.059999465942383,703400,30.059999465942383
2015-07-27,30.0,29.649999618530273,30.0,29.68000030517578,441300,29.68000030517578
2015-07-28,30.200000762939453,29.514999389648438,29.739999771118164,30.059999465942383,773000,30.059999465942383
2015-07-29,30.530000686645508,29.899999618530273,30.06999969482422,30.489999771118164,487100,30.489999771118164
2015-07-30,30.65999984741211,30.18000030517578,30.350000381469727,30.639999389648438,572900,30.639999389648438
2015-07-31,31.0,30.510000228881836,30.700000762939453,30.540000915527344,616100,30.540000915527344
2015-08-03,30.889999389648438,30.389999389648438,30.709999084472656,30.489999771118164,633300,30.489999771118164
2015-08-04,30.709999084472656,30.170000076293945,30.350000381469727,30.40999984741211,428500,30.40999984741211
2015-08-05,30.899999618530273,30.31999969482422,30.469999313354492,30.350000381469727,656700,30.350000381469727
2015-08-06,30.3799991607666,29.579999923706055,30.309999465942383,29.719999313354492,750100,29.719999313354492
2015-08-07,29.860000610351562,29.415000915527344,29.600000381469727,29.860000610351562,459300,29.860000610351562
2015-08-10,30.809999465942383,30.040000915527344,30.049999237060547,30.639999389648438,463500,30.639999389648438
2015-08-11,30.489999771118164,29.969999313354492,30.170000076293945,30.079999923706055,583200,30.079999923706055
2015-08-12,29.989999771118164,29.280000686645508,29.690000534057617,29.8799991607666,635600,29.8799991607666
2015-08-13,30.139999389648438,29.799999237060547,29.90999984741211,29.90999984741211,456800,29.90999984741211
2015-08-14,30.389999389648438,29.850000381469727,29.90999984741211,30.3700008392334,448200,30.3700008392334
2015-08-17,30.489999771118164,30.149999618530273,30.290000915527344,30.3799991607666,601500,30.3799991607666
2015-08-18,30.65999984741211,29.979999542236328,30.3799991607666,30.0,531200,30.0
2015-08-19,30.0,29.420000076293945,29.969999313354492,29.540000915527344,806100,29.540000915527344
2015-08-20,33.2400016784668,32.439998626708984,32.54999923706055,32.77000045776367,2895100,32.77000045776367
2015-08-21,33.290000915527344,32.310001373291016,32.31999969482422,32.349998474121094,1276500,32.349998474121094
2015-08-24,31.84000015258789,30.100000381469727,30.6299991607666,30.59000015258789,1000000,30.59000015258789
2015-08-25,31.260000228881836,30.290000915527344,31.25,30.350000381469727,928300,30.350000381469727
2015-08-26,31.163999557495117,30.190000534057617,30.979999542236328,31.059999465942383,725400,31.059999465942383
2015-08-27,31.816999435424805,31.0,31.31999969482422,31.670000076293945,665400,31.670000076293945
2015-08-28,31.950000762939453,31.309999465942383,31.56999969482422,31.920000076293945,486400,31.920000076293945
2015-08-31,32.220001220703125,31.68000030517578,31.739999771118164,32.040000915527344,685300,32.040000915527344
2015-09-01,31.68000030517578,31.170000076293945,31.3700008392334,31.25,984600,31.25
2015-09-02,31.844999313354492,31.440000534057617,31.6299991607666,31.84000015258789,541800,31.84000015258789
2015-09-03,32.72999954223633,31.93000030517578,31.93000030517578,32.61000061035156,790600,32.61000061035156
2015-09-04,32.5,31.989999771118164,32.25,32.2400016784668,500200,32.2400016784668
2015-09-08,33.13999938964844,32.310001373291016,32.560001373291016,33.09000015258789,993400,33.09000015258789
2015-09-09,33.38999938964844,32.63999938964844,33.25,32.720001220703125,758800,32.720001220703125
2015-09-10,33.060001373291016,32.470001220703125,32.68000030517578,32.970001220703125,649600,32.970001220703125
2015-09-11,32.970001220703125,32.720001220703125,32.779998779296875,32.84000015258789,273600,32.84000015258789
2015-09-14,32.84000015258789,32.38999938964844,32.84000015258789,32.83000183105469,355500,32.83000183105469
2015-09-15,33.0099983215332,32.56999969482422,32.849998474121094,32.95000076293945,361500,32.95000076293945
2015-09-16,33.61000061035156,32.810001373291016,32.91999816894531,33.54999923706055,417000,33.54999923706055
2015-09-17,34.130001068115234,33.53499984741211,33.61000061035156,33.709999084472656,508200,33.709999084472656
2015-09-18,33.68000030517578,32.720001220703125,33.34000015258789,32.83000183105469,1107700,32.83000183105469
2015-09-21,33.2599983215332,32.83000183105469,33.02000045776367,32.900001525878906,535800,32.900001525878906
2015-09-22,32.470001220703125,31.920000076293945,32.470001220703125,32.04999923706055,661100,32.04999923706055
2015-09-23,32.220001220703125,31.6299991607666,32.16999816894531,31.780000686645508,312000,31.780000686645508
2015-09-24,31.56999969482422,31.020000457763672,31.479999542236328,31.209999084472656,461600,31.209999084472656
2015-09-25,31.3799991607666,30.860000610351562,31.3799991607666,31.010000228881836,347200,31.010000228881836
2015-09-28,30.90999984741211,30.15999984741211,30.829999923706055,30.229999542236328,405900,30.229999542236328
2015-09-29,30.399999618530273,29.940000534057617,30.260000228881836,30.170000076293945,492100,30.170000076293945
2015-09-30,30.969999313354492,30.5,30.5,30.84000015258789,485000,30.84000015258789
2015-10-01,30.8799991607666,30.34000015258789,30.850000381469727,30.43000030517578,520000,30.43000030517578
2015-10-02,31.309999465942383,30.0,30.020000457763672,31.299999237060547,645800,31.299999237060547
2015-10-05,32.18000030517578,31.3799991607666,31.559999465942383,32.099998474121094,492000,32.099998474121094
2015-10-06,32.310001373291016,31.809999465942383,32.13999938964844,32.150001525878906,518600,32.150001525878906
2015-10-07,32.86000061035156,32.20000076293945,32.310001373291016,32.70000076293945,626000,32.70000076293945
2015-10-08,33.349998474121094,32.540000915527344,32.650001525878906,33.119998931884766,394200,33.119998931884766
2015-10-09,33.38999938964844,32.650001525878906,33.16999816894531,32.68000030517578,313300,32.68000030517578
2015-10-12,32.68000030517578,32.2599983215332,32.68000030517578,32.29999923706055,221900,32.29999923706055
2015-10-13,32.529998779296875,31.969999313354492,32.18000030517578,32.0,430400,32.0
2015-10-14,32.61000061035156,31.979999542236328,32.029998779296875,32.439998626708984,424000,32.439998626708984
2015-10-15,32.779998779296875,32.369998931884766,32.5,32.7599983215332,368000,32.7599983215332
2015-10-16,32.790000915527344,32.310001373291016,32.72999954223633,32.59000015258789,365300,32.59000015258789
2015-10-19,32.619998931884766,31.96500015258789,32.36000061035156,32.029998779296875,533600,32.029998779296875
2015-10-20,32.43000030517578,31.610000610351562,31.860000610351562,32.0,275000,32.0
2015-10-21,32.33000183105469,31.479999542236328,32.11000061035156,31.530000686645508,290900,31.530000686645508
2015-10-22,32.09000015258789,31.549999237060547,31.700000762939453,32.0099983215332,305400,32.0099983215332
2015-10-23,32.33000183105469,32.04499816894531,32.2599983215332,32.29999923706055,259200,32.29999923706055
2015-10-26,32.38600158691406,31.809999465942383,32.18000030517578,32.0099983215332,345600,32.0099983215332
2015-10-27,32.119998931884766,31.649999618530273,31.719999313354492,31.799999237060547,734200,31.799999237060547
2015-10-28,33.0,31.8799991607666,31.920000076293945,32.9900016784668,438600,32.9900016784668
2015-10-29,33.33000183105469,32.683998107910156,32.779998779296875,33.060001373291016,323200,33.060001373291016
2015-10-30,33.349998474121094,32.70000076293945,33.29999923706055,33.08000183105469,415600,33.08000183105469
2015-11-02,33.47999954223633,32.709999084472656,33.0,33.369998931884766,373400,33.369998931884766
2015-11-03,33.43000030517578,32.88999938964844,33.09000015258789,33.08000183105469,453100,33.08000183105469
2015-11-04,33.38999938964844,32.61000061035156,33.119998931884766,32.70000076293945,374800,32.70000076293945
2015-11-05,32.84000015258789,32.2599983215332,32.84000015258789,32.27000045776367,463200,32.27000045776367
2015-11-06,32.400001525878906,31.889999389648438,31.950000762939453,31.989999771118164,578000,31.989999771118164
2015-11-09,32.125,31.450000762939453,31.889999389648438,31.65999984741211,397800,31.65999984741211
2015-11-10,31.610000610351562,30.700000762939453,31.5,30.84000015258789,988800,30.84000015258789
2015-11-11,31.139999389648438,30.81999969482422,30.979999542236328,31.049999237060547,602700,31.049999237060547
2015-11-12,31.024999618530273,30.299999237060547,30.790000915527344,30.31999969482422,365400,30.31999969482422
2015-11-13,30.729999542236328,30.020000457763672,30.25,30.3799991607666,586500,30.3799991607666
2015-11-16,31.059999465942383,30.290000915527344,30.3799991607666,30.989999771118164,769200,30.989999771118164
2015-11-17,31.239999771118164,30.709999084472656,30.989999771118164,30.809999465942383,364900,30.809999465942383
2015-11-18,31.239999771118164,30.75,30.950000762939453,31.229999542236328,818900,31.229999542236328
2015-11-19,31.520000457763672,30.989999771118164,31.1299991607666,31.1299991607666,472300,31.1299991607666
2015-11-20,30.239999771118164,28.549999237060547,29.889999389648438,29.469999313354492,2638600,29.469999313354492
2015-11-23,30.079999923706055,29.110000610351562,29.420000076293945,30.079999923706055,971500,30.079999923706055
2015-11-24,30.579999923706055,29.850000381469727,29.940000534057617,30.56999969482422,930200,30.56999969482422
2015-11-25,30.649999618530273,30.079999923706055,30.510000228881836,30.600000381469727,624600,30.600000381469727
2015-11-27,30.8799991607666,30.59000015258789,30.59000015258789,30.799999237060547,283600,30.799999237060547
2015-11-30,30.93000030517578,30.700000762939453,30.790000915527344,30.809999465942383,649800,30.809999465942383
2015-12-01,30.790000915527344,29.905000686645508,30.700000762939453,29.989999771118164,702000,29.989999771118164
2015-12-02,30.020000457763672,29.719999313354492,29.809999465942383,29.799999237060547,805700,29.799999237060547
2015-12-03,29.989999771118164,28.84000015258789,29.959999084472656,29.049999237060547,857300,29.049999237060547
2015-12-04,29.614999771118164,28.959999084472656,28.979999542236328,29.579999923706055,817600,29.579999923706055
2015-12-07,29.6299991607666,29.030000686645508,29.40999984741211,29.18000030517578,673700,29.18000030517578
2015-12-08,29.219999313354492,28.791000366210938,28.93000030517578,29.209999084472656,887500,29.209999084472656
2015-12-09,29.31999969482422,28.809999465942383,29.18000030517578,28.940000534057617,692400,28.940000534057617
2015-12-10,29.170000076293945,28.8700008392334,28.90999984741211,29.0,655000,29.0
2015-12-11,29.15999984741211,28.530000686645508,28.68000030517578,28.639999389648438,828300,28.639999389648438
2015-12-14,28.700000762939453,27.75,28.600000381469727,27.860000610351562,781700,27.860000610351562
2015-12-15,28.3799991607666,28.0,28.079999923706055,28.360000610351562,854800,28.360000610351562
2015-12-16,28.639999389648438,28.030000686645508,28.469999313354492,28.3700008392334,572900,28.3700008392334
2015-12-17,28.6200008392334,28.299999237060547,28.3799991607666,28.459999084472656,731800,28.459999084472656
2015-12-18,28.520000457763672,28.010000228881836,28.440000534057617,28.010000228881836,2671000,28.010000228881836
2015-12-21,28.420000076293945,27.979999542236328,28.25,28.110000610351562,595300,28.110000610351562
2015-12-22,28.56999969482422,28.010000228881836,28.190000534057617,28.559999465942383,723400,28.559999465942383
2015-12-23,29.049999237060547,28.559999465942383,28.670000076293945,29.0,633400,29.0
2015-12-24,29.149999618530273,28.799999237060547,28.920000076293945,28.950000762939453,456700,28.950000762939453
2015-12-28,28.989999771118164,28.360000610351562,28.829999923706055,28.780000686645508,388200,28.780000686645508
2015-12-29,28.979999542236328,28.360000610351562,28.729999542236328,28.6200008392334,458700,28.6200008392334
2015-12-30,28.75,28.479999542236328,28.510000228881836,28.579999923706055,434500,28.579999923706055
2015-12-31,28.700000762939453,28.299999237060547,28.479999542236328,28.329999923706055,588200,28.329999923706055
2016-01-04,28.149999618530273,27.75,27.93000030517578,27.809999465942383,951900,27.809999465942383
2016-01-05,28.350000381469727,27.610000610351562,27.809999465942383,27.75,796400,27.75
2016-01-06,27.65999984741211,27.209999084472656,27.3700008392334,27.299999237060547,756700,27.299999237060547
2016-01-07,26.920000076293945,26.200000762939453,26.790000915527344,26.219999313354492,872500,26.219999313354492
2016-01-08,26.079999923706055,25.31999969482422,25.84000015258789,25.450000762939453,1485000,25.450000762939453
2016-01-11,25.579999923706055,24.799999237060547,25.450000762939453,24.93000030517578,930300,24.93000030517578
2016-01-12,25.40999984741211,24.649999618530273,25.149999618530273,25.25,1124800,25.25
2016-01-13,25.540000915527344,24.399999618530273,25.309999465942383,24.43000030517578,1365600,24.43000030517578
2016-01-14,24.8799991607666,24.09000015258789,24.479999542236328,24.649999618530273,900000,24.649999618530273
2016-01-15,24.28499984741211,23.309999465942383,24.040000915527344,23.530000686645508,858400,23.530000686645508
2016-01-19,23.93000030517578,23.079999923706055,23.729999542236328,23.209999084472656,708100,23.209999084472656
2016-01-20,23.020000457763672,22.149999618530273,22.920000076293945,22.90999984741211,1626600,22.90999984741211
2016-01-21,23.80500030517578,22.799999237060547,23.020000457763672,23.329999923706055,924500,23.329999923706055
2016-01-22,24.040000915527344,23.65999984741211,23.729999542236328,24.0,1013200,24.0
2016-01-25,24.06999969482422,23.84000015258789,23.899999618530273,23.959999084472656,922100,23.959999084472656
2016-01-26,24.3700008392334,23.81999969482422,24.1299991607666,23.989999771118164,697000,23.989999771118164
2016-01-27,23.959999084472656,23.3799991607666,23.829999923706055,23.469999313354492,457300,23.469999313354492
2016-01-28,23.700000762939453,23.079999923706055,23.700000762939453,23.139999389648438,420000,23.139999389648438
2016-01-29,23.670000076293945,23.200000762939453,23.239999771118164,23.399999618530273,1915500,23.399999618530273
2016-02-01,23.219999313354492,22.8799991607666,23.139999389648438,23.0,1368200,23.0
2016-02-02,22.979999542236328,22.309999465942383,22.81999969482422,22.440000534057617,1090700,22.440000534057617
2016-02-03,22.489999771118164,21.979999542236328,22.479999542236328,22.389999389648438,655500,22.389999389648438
2016-02-04,22.989999771118164,22.399999618530273,22.399999618530273,22.940000534057617,833200,22.940000534057617
2016-02-05,22.940000534057617,22.170000076293945,22.850000381469727,22.239999771118164,550400,22.239999771118164
2016-02-08,22.065000534057617,21.200000762939453,22.0,21.3799991607666,889000,21.3799991607666
2016-02-09,21.700000762939453,21.170000076293945,21.18000030517578,21.18000030517578,808900,21.18000030517578
2016-02-10,21.969999313354492,21.360000610351562,21.399999618530273,21.760000228881836,725000,21.760000228881836
2016-02-11,21.809999465942383,21.070999145507812,21.3799991607666,21.549999237060547,822300,21.549999237060547
2016-02-12,22.239999771118164,21.549999237060547,21.739999771118164,22.209999084472656,553700,22.209999084472656
2016-02-16,22.760000228881836,22.209999084472656,22.459999084472656,22.600000381469727,623000,22.600000381469727
2016-02-17,23.1299991607666,22.65999984741211,22.719999313354492,23.049999237060547,745800,23.049999237060547
2016-02-18,23.290000915527344,22.950000762939453,23.149999618530273,23.219999313354492,664000,23.219999313354492
2016-02-19,24.06999969482422,22.15999984741211,22.170000076293945,23.899999618530273,1656800,23.899999618530273
2016-02-22,24.725000381469727,23.975000381469727,24.059999465942383,24.670000076293945,1112200,24.670000076293945
2016-02-23,25.235000610351562,24.450000762939453,24.5,25.18000030517578,1201600,25.18000030517578
2016-02-24,25.780000686645508,24.719999313354492,25.0,25.729999542236328,1179600,25.729999542236328
2016-02-25,25.860000610351562,25.200000762939453,25.739999771118164,25.739999771118164,950200,25.739999771118164
2016-02-26,25.979999542236328,25.520000457763672,25.899999618530273,25.940000534057617,897700,25.940000534057617
2016-02-29,26.190000534057617,25.774999618530273,25.93000030517578,26.09000015258789,846200,26.09000015258789
2016-03-01,26.760000228881836,26.170000076293945,26.270000457763672,26.34000015258789,982200,26.34000015258789
2016-03-02,26.889999389648438,26.21299934387207,26.280000686645508,26.8799991607666,588600,26.8799991607666
2016-03-03,27.1200008392334,26.75,26.81999969482422,27.09000015258789,554900,27.09000015258789
2016-03-04,27.329999923706055,26.799999237060547,27.1299991607666,27.219999313354492,811600,27.219999313354492
2016-03-07,27.395000457763672,26.940000534057617,27.06999969482422,27.149999618530273,668000,27.149999618530273
2016-03-08,27.06999969482422,26.68000030517578,27.010000228881836,26.739999771118164,708600,26.739999771118164
2016-03-09,25.979999542236328,25.290000915527344,25.649999618530273,25.799999237060547,818400,25.799999237060547
2016-03-10,26.139999389648438,25.739999771118164,25.959999084472656,26.049999237060547,577500,26.049999237060547
2016-03-11,26.90999984741211,26.25,26.25,26.559999465942383,522000,26.559999465942383
2016-03-14,26.860000610351562,26.440000534057617,26.559999465942383,26.56999969482422,433700,26.56999969482422
2016-03-15,26.700000762939453,26.06999969482422,26.399999618530273,26.209999084472656,443500,26.209999084472656
2016-03-16,26.58799934387207,26.059999465942383,26.059999465942383,26.520000457763672,370800,26.520000457763672
2016-03-17,27.34000015258789,26.520000457763672,26.520000457763672,27.25,339000,27.25
2016-03-18,27.760000228881836,27.190000534057617,27.219999313354492,27.739999771118164,1616700,27.739999771118164
2016-03-21,28.100000381469727,27.6200008392334,27.690000534057617,27.940000534057617,510500,27.940000534057617
2016-03-22,28.389999389648438,27.799999237060547,27.940000534057617,28.219999313354492,581700,28.219999313354492
2016-03-23,28.06999969482422,26.989999771118164,28.06999969482422,27.0,635800,27.0
2016-03-24,27.110000610351562,26.520000457763672,26.81999969482422,27.0,763400,27.0
2016-03-28,27.329999923706055,26.860000610351562,27.06999969482422,27.239999771118164,415500,27.239999771118164
2016-03-29,27.7549991607666,26.899999618530273,27.1200008392334,27.739999771118164,626700,27.739999771118164
2016-03-30,28.020000457763672,27.280000686645508,27.950000762939453,27.420000076293945,359300,27.420000076293945
2016-03-31,27.770000457763672,26.989999771118164,27.3700008392334,27.739999771118164,692000,27.739999771118164
2016-04-01,28.049999237060547,27.18000030517578,27.18000030517578,27.809999465942383,715500,27.809999465942383
2016-04-04,27.915000915527344,27.170000076293945,27.770000457763672,27.350000381469727,629000,27.350000381469727
2016-04-05,27.040000915527344,26.799999237060547,26.940000534057617,26.899999618530273,755500,26.899999618530273
2016-04-06,26.979999542236328,26.639999389648438,26.899999618530273,26.770000457763672,491700,26.770000457763672
2016-04-07,26.78499984741211,26.270000457763672,26.68000030517578,26.43000030517578,586900,26.43000030517578
2016-04-08,27.049999237060547,26.469999313354492,26.6299991607666,26.719999313354492,477300,26.719999313354492
2016-04-11,27.1299991607666,26.579999923706055,26.84000015258789,26.940000534057617,897400,26.940000534057617
2016-04-12,26.989999771118164,26.56999969482422,26.8799991607666,26.719999313354492,1019100,26.719999313354492
2016-04-13,27.969999313354492,26.889999389648438,26.889999389648438,27.799999237060547,578300,27.799999237060547
2016-04-14,27.78499984741211,27.219999313354492,27.729999542236328,27.31999969482422,759600,27.31999969482422
2016-04-15,27.489999771118164,27.09000015258789,27.25,27.139999389648438,1003500,27.139999389648438
2016-04-18,27.34000015258789,26.924999237060547,27.06999969482422,27.100000381469727,372800,27.100000381469727
2016-04-19,27.299999237060547,27.059999465942383,27.239999771118164,27.260000228881836,382700,27.260000228881836
2016-04-20,27.56999969482422,27.135000228881836,27.280000686645508,27.15999984741211,495800,27.15999984741211
2016-04-21,27.246000289916992,26.920000076293945,27.040000915527344,27.06999969482422,346900,27.06999969482422
2016-04-22,27.450000762939453,27.09000015258789,27.09000015258789,27.43000030517578,575700,27.43000030517578
2016-04-25,27.360000610351562,26.700000762939453,27.360000610351562,26.920000076293945,408900,26.920000076293945
2016-04-26,27.3700008392334,26.889999389648438,27.030000686645508,27.290000915527344,283900,27.290000915527344
2016-04-27,27.3799991607666,26.81999969482422,27.209999084472656,27.1200008392334,424700,27.1200008392334
2016-04-28,27.135000228881836,26.40999984741211,27.010000228881836,26.450000762939453,531600,26.450000762939453
2016-04-29,26.43000030517578,25.75,26.329999923706055,26.079999923706055,722200,26.079999923706055
2016-05-02,26.209999084472656,25.760000228881836,26.079999923706055,26.0,1226400,26.0
2016-05-03,26.1200008392334,25.68000030517578,25.8700008392334,26.0,522800,26.0
2016-05-04,26.1299991607666,25.719999313354492,25.8700008392334,25.90999984741211,350500,25.90999984741211
2016-05-05,26.139999389648438,25.799999237060547,25.979999542236328,25.829999923706055,387400,25.829999923706055
2016-05-06,26.040000915527344,25.489999771118164,25.700000762939453,25.979999542236328,446800,25.979999542236328
2016-05-09,26.100000381469727,25.665000915527344,25.8700008392334,25.719999313354492,360500,25.719999313354492
2016-05-10,26.239999771118164,25.510000228881836,25.75,26.209999084472656,251200,26.209999084472656
2016-05-11,26.239999771118164,25.809999465942383,26.15999984741211,25.84000015258789,322600,25.84000015258789
2016-05-12,26.600000381469727,25.68000030517578,25.920000076293945,26.270000457763672,2311600,26.270000457763672
2016-05-13,26.40999984741211,25.875,26.260000228881836,25.979999542236328,514800,25.979999542236328
2016-05-16,26.360000610351562,25.93000030517578,25.93000030517578,26.270000457763672,1968300,26.270000457763672
2016-05-17,26.395000457763672,26.010000228881836,26.1200008392334,26.209999084472656,699900,26.209999084472656
2016-05-18,26.614999771118164,26.075000762939453,26.110000610351562,26.209999084472656,493800,26.209999084472656
2016-05-19,26.309999465942383,25.90999984741211,25.940000534057617,25.989999771118164,1146800,25.989999771118164
2016-05-20,30.31999969482422,27.25,27.25,29.940000534057617,3513200,29.940000534057617
2016-05-23,30.479999542236328,29.739999771118164,29.940000534057617,30.1299991607666,967200,30.1299991607666
2016-05-24,30.559999465942383,30.06999969482422,30.170000076293945,30.420000076293945,713900,30.420000076293945
2016-05-25,30.709999084472656,30.329999923706055,30.479999542236328,30.489999771118164,546500,30.489999771118164
2016-05-26,30.559999465942383,30.235000610351562,30.510000228881836,30.479999542236328,561000,30.479999542236328
2016-05-27,30.905000686645508,30.479999542236328,30.5,30.719999313354492,415800,30.719999313354492
2016-05-31,30.84000015258789,30.40999984741211,30.729999542236328,30.6299991607666,625900,30.6299991607666
2016-06-01,30.889999389648438,30.3700008392334,30.43000030517578,30.84000015258789,533000,30.84000015258789
2016-06-02,31.5,30.799999237060547,30.809999465942383,31.389999389648438,947400,31.389999389648438
2016-06-03,31.450000762939453,31.049999237060547,31.25,31.420000076293945,517500,31.420000076293945
2016-06-06,31.729999542236328,31.31999969482422,31.360000610351562,31.56999969482422,526100,31.56999969482422
2016-06-07,31.56999969482422,31.139999389648438,31.56999969482422,31.329999923706055,381700,31.329999923706055
2016-06-08,31.700000762939453,31.209999084472656,31.329999923706055,31.700000762939453,534800,31.700000762939453
2016-06-09,31.8700008392334,31.239999771118164,31.43000030517578,31.260000228881836,520000,31.260000228881836
2016-06-10,31.059999465942383,30.549999237060547,31.0,30.639999389648438,404400,30.639999389648438
2016-06-13,30.579999923706055,29.8799991607666,30.459999084472656,29.90999984741211,616100,29.90999984741211
2016-06-14,29.969999313354492,29.450000762939453,29.829999923706055,29.6299991607666,1100800,29.6299991607666
2016-06-15,30.1299991607666,29.6299991607666,29.809999465942383,29.84000015258789,924500,29.84000015258789
2016-06-16,29.6200008392334,29.299999237060547,29.6200008392334,29.489999771118164,583900,29.489999771118164
2016-06-17,29.81999969482422,29.280000686645508,29.399999618530273,29.65999984741211,1077300,29.65999984741211
2016-06-20,30.489999771118164,30.079999923706055,30.100000381469727,30.450000762939453,577200,30.450000762939453
2016-06-21,30.510000228881836,29.790000915527344,30.510000228881836,30.059999465942383,546700,30.059999465942383
2016-06-22,30.549999237060547,30.0,30.09000015258789,30.399999618530273,595600,30.399999618530273
2016-06-23,31.030000686645508,30.600000381469727,30.6299991607666,31.030000686645508,739400,31.030000686645508
2016-06-24,30.219999313354492,29.459999084472656,29.709999084472656,29.65999984741211,2720100,29.65999984741211
2016-06-27,29.389999389648438,28.459999084472656,29.3700008392334,28.489999771118164,716900,28.489999771118164
2016-06-28,29.1200008392334,28.5,28.799999237060547,28.93000030517578,543400,28.93000030517578
2016-06-29,29.510000228881836,28.829999923706055,29.3799991607666,29.079999923706055,1068500,29.079999923706055
2016-06-30,29.139999389648438,28.854999542236328,29.06999969482422,29.09000015258789,1212800,29.09000015258789
2016-07-01,29.309999465942383,28.860000610351562,29.040000915527344,28.93000030517578,643600,28.93000030517578
2016-07-05,28.84000015258789,28.110000610351562,28.709999084472656,28.389999389648438,639600,28.389999389648438
2016-07-06,28.309999465942383,27.90999984741211,28.219999313354492,28.25,759800,28.25
2016-07-07,28.59000015258789,27.899999618530273,28.34000015258789,28.18000030517578,704100,28.18000030517578
2016-07-08,29.100000381469727,28.1299991607666,28.399999618530273,29.020000457763672,1836800,29.020000457763672
2016-07-11,29.200000762939453,28.530000686645508,29.15999984741211,28.530000686645508,562000,28.530000686645508
2016-07-12,29.030000686645508,28.790000915527344,28.799999237060547,28.899999618530273,599200,28.899999618530273
2016-07-13,29.09000015258789,28.385000228881836,29.020000457763672,28.719999313354492,852900,28.719999313354492
2016-07-14,29.040000915527344,28.770000457763672,29.010000228881836,28.8799991607666,490900,28.8799991607666
2016-07-15,29.219999313354492,28.79400062561035,28.979999542236328,29.100000381469727,491400,29.100000381469727
2016-07-18,29.440000534057617,29.040000915527344,29.18000030517578,29.31999969482422,673400,29.31999969482422
2016-07-19,29.3700008392334,29.06999969482422,29.309999465942383,29.260000228881836,546900,29.260000228881836
2016-07-20,29.75,29.25,29.3799991607666,29.719999313354492,749900,29.719999313354492
2016-07-21,29.809999465942383,29.399999618530273,29.639999389648438,29.520000457763672,517700,29.520000457763672
2016-07-22,30.0,29.219999313354492,29.469999313354492,29.860000610351562,538700,29.860000610351562
2016-07-25,29.75,29.309999465942383,29.75,29.479999542236328,491600,29.479999542236328
2016-07-26,29.829999923706055,29.40999984741211,29.540000915527344,29.670000076293945,488500,29.670000076293945
2016-07-27,29.81999969482422,29.540000915527344,29.729999542236328,29.760000228881836,449000,29.760000228881836
2016-07-28,29.84000015258789,29.499000549316406,29.709999084472656,29.56999969482422,481400,29.56999969482422
2016-07-29,29.59000015258789,28.920000076293945,29.59000015258789,29.239999771118164,925200,29.239999771118164
2016-08-01,29.459999084472656,29.100000381469727,29.200000762939453,29.190000534057617,343200,29.190000534057617
2016-08-02,29.299999237060547,28.18000030517578,29.219999313354492,28.200000762939453,572600,28.200000762939453
2016-08-03,28.6299991607666,28.219999313354492,28.239999771118164,28.610000610351562,463600,28.610000610351562
2016-08-04,28.719999313354492,28.469999313354492,28.670000076293945,28.489999771118164,353600,28.489999771118164
2016-08-05,28.93000030517578,28.579999923706055,28.670000076293945,28.93000030517578,479600,28.93000030517578
2016-08-08,29.094999313354492,28.8700008392334,28.8799991607666,28.93000030517578,284200,28.93000030517578
2016-08-09,29.06999969482422,28.780000686645508,28.899999618530273,28.790000915527344,374800,28.790000915527344
2016-08-10,29.100000381469727,28.75,28.860000610351562,29.030000686645508,394700,29.030000686645508
2016-08-11,29.25,28.961000442504883,29.079999923706055,29.209999084472656,317200,29.209999084472656
2016-08-12,29.360000610351562,29.030000686645508,29.149999618530273,29.31999969482422,262700,29.31999969482422
2016-08-15,29.770000457763672,29.100000381469727,29.100000381469727,29.670000076293945,428300,29.670000076293945
2016-08-16,29.75,29.3700008392334,29.649999618530273,29.600000381469727,518700,29.600000381469727
2016-08-17,29.75,29.280000686645508,29.540000915527344,29.68000030517578,948700,29.68000030517578
2016-08-18,29.729999542236328,26.8700008392334,26.950000762939453,29.40999984741211,2780500,29.40999984741211
2016-08-19,30.350000381469727,29.170000076293945,29.200000762939453,30.190000534057617,1221600,30.190000534057617
2016-08-22,30.299999237060547,30.030000686645508,30.190000534057617,30.299999237060547,632800,30.299999237060547
2016-08-23,30.6200008392334,30.270000457763672,30.3799991607666,30.290000915527344,652400,30.290000915527344
2016-08-24,30.360000610351562,29.649999618530273,30.209999084472656,29.770000457763672,569200,29.770000457763672
2016-08-25,30.219999313354492,29.709999084472656,29.780000686645508,29.979999542236328,374800,29.979999542236328
2016-08-26,30.260000228881836,29.90999984741211,30.040000915527344,30.040000915527344,357500,30.040000915527344
2016-08-29,30.5,30.0,30.079999923706055,30.260000228881836,482300,30.260000228881836
2016-08-30,30.540000915527344,30.219999313354492,30.270000457763672,30.459999084472656,367300,30.459999084472656
2016-08-31,30.520000457763672,30.309999465942383,30.399999618530273,30.43000030517578,796800,30.43000030517578
2016-09-01,30.68000030517578,30.299999237060547,30.399999618530273,30.59000015258789,508800,30.59000015258789
2016-09-02,30.899999618530273,30.399999618530273,30.760000228881836,30.440000534057617,727700,30.440000534057617
2016-09-06,30.489999771118164,30.21500015258789,30.399999618530273,30.399999618530273,512200,30.399999618530273
2016-09-07,30.719999313354492,30.31999969482422,30.350000381469727,30.399999618530273,610200,30.399999618530273
2016-09-08,30.469999313354492,30.209999084472656,30.260000228881836,30.3700008392334,391100,30.3700008392334
2016-09-09,30.309999465942383,29.520000457763672,30.219999313354492,29.530000686645508,721800,29.530000686645508
2016-09-12,30.290000915527344,29.309999465942383,29.450000762939453,30.290000915527344,532000,30.290000915527344
2016-09-13,30.0,29.459999084472656,29.950000762939453,29.780000686645508,769000,29.780000686645508
2016-09-14,29.8700008392334,29.329999923706055,29.850000381469727,29.389999389648438,314000,29.389999389648438
2016-09-15,30.079999923706055,29.290000915527344,29.34000015258789,29.979999542236328,359200,29.979999542236328
2016-09-16,29.93000030517578,29.25,29.93000030517578,29.25,668900,29.25
2016-09-19,30.940000534057617,29.84000015258789,29.84000015258789,30.649999618530273,1078200,30.649999618530273
2016-09-20,31.1299991607666,30.440000534057617,30.8799991607666,30.65999984741211,578400,30.65999984741211
2016-09-21,31.09000015258789,30.649999618530273,30.760000228881836,31.06999969482422,417100,31.06999969482422
2016-09-22,31.7549991607666,31.084999084472656,31.100000381469727,31.639999389648438,567500,31.639999389648438
2016-09-23,31.6200008392334,31.350000381469727,31.3799991607666,31.469999313354492,307500,31.469999313354492
2016-09-26,31.260000228881836,30.8700008392334,31.18000030517578,30.969999313354492,332400,30.969999313354492
2016-09-27,31.15999984741211,30.799999237060547,30.84000015258789,31.149999618530273,466100,31.149999618530273
2016-09-28,31.760000228881836,31.1200008392334,31.260000228881836,31.75,379000,31.75
2016-09-29,31.670000076293945,30.8799991607666,31.559999465942383,31.100000381469727,381200,31.100000381469727
2016-09-30,31.799999237060547,31.100000381469727,31.139999389648438,31.690000534057617,404800,31.690000534057617
2016-10-03,31.649999618530273,31.219999313354492,31.350000381469727,31.350000381469727,362500,31.350000381469727
2016-10-04,31.8799991607666,31.079999923706055,31.420000076293945,31.280000686645508,298900,31.280000686645508
2016-10-05,31.979999542236328,31.5,31.5,31.559999465942383,334300,31.559999465942383
2016-10-06,31.549999237060547,31.110000610351562,31.440000534057617,31.540000915527344,327900,31.540000915527344
2016-10-07,31.579999923706055,31.110000610351562,31.5,31.280000686645508,345800,31.280000686645508
2016-10-10,31.920000076293945,31.350000381469727,31.520000457763672,31.40999984741211,193300,31.40999984741211
2016-10-11,31.40999984741211,30.989999771118164,31.18000030517578,31.15999984741211,465800,31.15999984741211
2016-10-12,31.270000457763672,31.010000228881836,31.260000228881836,31.25,404600,31.25
2016-10-13,31.350000381469727,30.93000030517578,31.110000610351562,31.31999969482422,569400,31.31999969482422
2016-10-14,31.719999313354492,31.31999969482422,31.469999313354492,31.600000381469727,568300,31.600000381469727
2016-10-17,31.700000762939453,31.510000228881836,31.639999389648438,31.649999618530273,530800,31.649999618530273
2016-10-18,31.989999771118164,31.760000228881836,31.940000534057617,31.940000534057617,507200,31.940000534057617
2016-10-19,32.54999923706055,31.920000076293945,31.989999771118164,32.5099983215332,453700,32.5099983215332
2016-10-20,32.7400016784668,32.43000030517578,32.5,32.65999984741211,1101000,32.65999984741211
2016-10-21,32.56999969482422,32.27000045776367,32.400001525878906,32.4900016784668,1043900,32.4900016784668
2016-10-24,33.119998931884766,32.5099983215332,32.779998779296875,33.04999923706055,365800,33.04999923706055
2016-10-25,33.03200149536133,32.720001220703125,32.97999954223633,32.880001068115234,685800,32.880001068115234
2016-10-26,33.04999923706055,32.52000045776367,32.7400016784668,32.75,494500,32.75
2016-10-27,33.04999923706055,32.75,32.95000076293945,32.88999938964844,602000,32.88999938964844
2016-10-28,33.13999938964844,32.70000076293945,32.90999984741211,32.810001373291016,336000,32.810001373291016
2016-10-31,33.099998474121094,32.7599983215332,32.93000030517578,32.79999923706055,609600,32.79999923706055
2016-11-01,33.0,32.369998931884766,32.939998626708984,32.65999984741211,487000,32.65999984741211
2016-11-02,32.81999969482422,31.940000534057617,32.599998474121094,31.979999542236328,476400,31.979999542236328
2016-11-03,32.060001373291016,31.809999465942383,32.0,31.979999542236328,425400,31.979999542236328
2016-11-04,32.36000061035156,31.81999969482422,32.02000045776367,31.81999969482422,406000,31.81999969482422
2016-11-07,33.2599983215332,32.09000015258789,32.20000076293945,33.2599983215332,731800,33.2599983215332
2016-11-08,33.5,32.83100128173828,33.08000183105469,33.209999084472656,558900,33.209999084472656
2016-11-09,33.779998779296875,32.630001068115234,32.66999816894531,33.779998779296875,624400,33.779998779296875
2016-11-10,34.25,33.779998779296875,33.9900016784668,33.93000030517578,557600,33.93000030517578
2016-11-11,34.59000015258789,33.779998779296875,33.779998779296875,34.56999969482422,434400,34.56999969482422
2016-11-14,34.95000076293945,34.58000183105469,34.68000030517578,34.79999923706055,439800,34.79999923706055
2016-11-15,35.31999969482422,34.611000061035156,34.75,35.130001068115234,547500,35.130001068115234
2016-11-16,35.369998931884766,34.736000061035156,35.0,35.11000061035156,476800,35.11000061035156
2016-11-17,35.58000183105469,35.0,35.0,35.220001220703125,737300,35.220001220703125
2016-11-18,36.52000045776367,34.79100036621094,35.29999923706055,35.88999938964844,1035100,35.88999938964844
2016-11-21,36.09000015258789,35.80500030517578,35.900001525878906,35.900001525878906,659200,35.900001525878906
2016-11-22,36.599998474121094,35.84000015258789,35.900001525878906,36.599998474121094,754400,36.599998474121094
2016-11-23,37.68000030517578,36.59000015258789,36.59000015258789,37.650001525878906,732500,37.650001525878906
2016-11-25,38.279998779296875,37.61000061035156,37.650001525878906,38.2599983215332,345700,38.2599983215332
2016-11-28,38.08000183105469,37.61000061035156,38.0,37.97999954223633,879800,37.97999954223633
2016-11-29,37.97999954223633,37.25,37.900001525878906,37.2599983215332,634200,37.2599983215332
2016-11-30,37.47999954223633,36.83000183105469,37.36000061035156,36.83000183105469,801200,36.83000183105469
2016-12-01,36.900001525878906,35.349998474121094,36.900001525878906,35.4900016784668,1103100,35.4900016784668
2016-12-02,35.83000183105469,35.22999954223633,35.540000915527344,35.349998474121094,1106600,35.349998474121094
2016-12-05,36.09000015258789,35.560001373291016,35.560001373291016,35.84000015258789,695900,35.84000015258789
2016-12-06,36.380001068115234,35.7599983215332,36.0,36.369998931884766,530700,36.369998931884766
2016-12-07,36.70000076293945,35.959999084472656,36.33000183105469,36.630001068115234,528600,36.630001068115234
2016-12-08,37.06999969482422,36.61000061035156,36.720001220703125,36.95000076293945,1205500,36.95000076293945
2016-12-09,37.29999923706055,36.810001373291016,37.0,37.119998931884766,459400,37.119998931884766
2016-12-12,37.220001220703125,36.709999084472656,36.900001525878906,37.119998931884766,446300,37.119998931884766
2016-12-13,37.540000915527344,37.08000183105469,37.34000015258789,37.150001525878906,401000,37.150001525878906
2016-12-14,37.220001220703125,36.310001373291016,37.0099983215332,36.349998474121094,763800,36.349998474121094
2016-12-15,36.689998626708984,36.41999816894531,36.52000045776367,36.5099983215332,645800,36.5099983215332
2016-12-16,36.7400016784668,36.279998779296875,36.56999969482422,36.29999923706055,1414800,36.29999923706055
2016-12-19,36.47999954223633,35.78499984741211,36.20000076293945,35.88999938964844,741400,35.88999938964844
2016-12-20,36.29999923706055,35.689998626708984,36.150001525878906,35.9900016784668,589500,35.9900016784668
2016-12-21,36.40999984741211,36.0099983215332,36.09000015258789,36.150001525878906,381700,36.150001525878906
2016-12-22,36.38999938964844,35.810001373291016,36.18000030517578,36.209999084472656,512700,36.209999084472656
2016-12-23,36.88999938964844,36.33000183105469,36.33000183105469,36.869998931884766,299900,36.869998931884766
2016-12-27,37.189998626708984,36.75,36.75,37.0,323000,37.0
2016-12-28,37.08000183105469,36.25,37.060001373291016,36.459999084472656,544200,36.459999084472656
2016-12-29,36.86000061035156,36.290000915527344,36.58000183105469,36.630001068115234,303000,36.630001068115234
2016-12-30,36.95000076293945,36.31999969482422,36.880001068115234,36.56999969482422,476000,36.56999969482422
